,name,role,teamName,matchesPlayed,matchesPlayedTeam,mapsPlayed,mapsPlayedTeam,points,eliminations,damage,healing,player,fantasyTeam
0,ADO,offense,Washington Justice,3,3,12,13,257.89690302836897,123,80595.17487668991,115801.72815167904,FreeAgent,FreeAgent
3,ADORA,offense,Hangzhou Spark,2,5,3,21,104.51040453684331,66,30097.754014968872,41412.65052187443,FreeAgent,FreeAgent
5,AGILITIES,offense,Los Angeles Valiant,4,4,18,18,645.592651941061,382,219213.08201277256,235379.56992828846,AGILITIES,MattyIce
8,AID,support,Toronto Defiant,3,4,13,17,624.7151513958871,327,245758.3380431831,215456.81335270405,AID,Cougum
10,AIMGOD,support,Boston Uprising,4,4,17,17,740.3703249223231,341,318772.0248981714,251098.3000241518,AIMGOD,Not another
13,ANAMO,support,New York Excelsior,5,5,19,21,516.2277211875916,405,188561.09096336365,125166.6302242279,ANAMO,Overdrive
16,APPLY,offense,Florida Mayhem,1,4,4,18,80.46066633391379,43,30018.087673425674,28942.57866048813,FreeAgent,FreeAgent
17,ARK,support,New York Excelsior,2,5,2,21,47.566396005153656,29,18166.36337518692,14900.032629966736,FreeAgent,FreeAgent
19,ARCHITECT,offense,San Francisco Shock,4,4,13,17,438.3641979265808,284,138270.12591034174,158094.07201623917,FreeAgent,FreeAgent
22,AXXIOM,tank,Boston Uprising,3,4,13,17,338.2919967219829,245,215791.99672198296,0.0,AXXIOM,Not another
24,BEBE,support,Hangzhou Spark,5,5,16,21,609.8700783203244,294,258543.52715164423,204326.5511686802,BEBE,Jyeran
27,BIRDRING,offense,London Spitfire,3,5,7,21,206.26356136828662,145,133653.31137019396,110.24999809265137,FreeAgent,FreeAgent
29,BUMPER,tank,Vancouver Titans,4,4,17,17,429.6841280348301,355,252184.1280348301,0.0,BUMPER,Dragonbeard
32,BACONJACK,offense,Chengdu Hunters,4,4,7,18,141.95041590368746,113,85105.10090827942,345.31499540805817,FreeAgent,FreeAgent
35,BAZZI,offense,Hangzhou Spark,5,5,18,21,498.64821131354574,339,168519.94079703093,160628.27051651478,BAZZI,Not another
38,BDOSIN,support,London Spitfire,5,5,21,21,779.9448069223762,410,363058.1897959709,211886.61712640524,BDOSIN,MattyIce
41,BENBEST,tank,Paris Eternal,2,2,8,8,208.20442311769722,181,117704.42311769724,0.0,FreeAgent,FreeAgent
43,BIGG00SE,support,Los Angeles Gladiators,4,4,17,17,472.66735154175757,339,188681.41568350792,114485.93585824966,BIGG00SE,MattyIce
46,BOINK,support,Houston Outlaws,4,4,18,18,423.8011694133281,272,140732.98696637154,147068.18244695663,BOINK,PopeRonPaul
48,BOOMBOX,support,Philadelphia Fusion,3,5,13,21,545.7999588702917,325,237365.1214413643,145934.83742892742,BOOMBOX,Cougum
50,CHARA,support,Guangzhou Charge,4,4,19,19,461.4783696000576,308,187651.00962734222,119827.35997271538,FreeAgent,FreeAgent
53,CHOIHYOBIN,tank,San Francisco Shock,4,4,12,17,346.809377315253,298,197519.3120701015,290.0652451515198,CHOIHYOBIN,PopeRonPaul
56,CLOSER,support,Dallas Fuel,4,4,16,16,363.7212246252298,245,136533.3942962885,104687.83032894135,CLOSER,Overdrive
58,COMA,support,Shanghai Dragons,4,4,16,16,342.87991780483725,243,111127.49714970589,110252.42065513134,FreeAgent,FreeAgent
61,COLOURHEX,offense,Boston Uprising,2,4,8,17,285.35827509230376,193,188695.93581312895,162.3392791748047,FreeAgent,FreeAgent
63,COREY,offense,Washington Justice,3,3,13,13,332.3682968596816,176,244368.2968596816,0.0,FreeAgent,FreeAgent
66,CUSTA,support,Los Angeles Valiant,2,4,6,18,192.98956896078585,128,77147.32465422153,51842.24430656433,CUSTA,Overdrive
67,DDING,offense,Shanghai Dragons,4,4,14,16,400.5126122858524,341,204035.96092426777,25976.651361584663,FreeAgent,FreeAgent
70,DACO,tank,Atlanta Reign,3,3,10,13,325.16787567320466,289,180660.14067354798,7.734999656677246,DACO,Dragonbeard
72,DANTEH,offense,Houston Outlaws,4,4,18,18,571.4240424711704,422,348373.43388044834,12050.608590722084,DANTEH,PopeRonPaul
74,DECAY,offense,Los Angeles Gladiators,1,4,4,17,170.08354896339776,109,115583.54896339774,0.0,FreeAgent,FreeAgent
75,DOGMAN,support,Atlanta Reign,3,3,8,13,291.1793559090495,194,115561.78560906649,78617.57029998302,FreeAgent,FreeAgent
77,EFFECT,offense,Dallas Fuel,4,4,8,16,189.50791512835025,120,129429.98107504845,77.93405330181122,FreeAgent,FreeAgent
79,EILEEN,offense,Guangzhou Charge,4,4,11,19,254.2751774276495,218,106914.1247370243,38361.05269062519,FreeAgent,FreeAgent
82,ELK,support,Philadelphia Fusion,2,5,8,21,270.91354356962444,136,120122.6800969243,82790.86347270012,FreeAgent,FreeAgent
83,ELSA,tank,Chengdu Hunters,4,4,18,18,508.8080826595724,411,301909.213776201,1398.8688833713531,ELSA,Jyeran
86,ENVY,tank,Toronto Defiant,4,4,17,17,600.455595517993,469,360830.1432722807,5125.45224571228,ENVY,MattyIce
89,ERSTER,offense,Atlanta Reign,3,3,11,13,380.6616346679926,309,142777.41793048382,83384.21673750877,FreeAgent,FreeAgent
91,FAHZIX,support,Washington Justice,3,3,10,13,243.18351307535173,105,103651.84095525742,87031.6721200943,FreeAgent,FreeAgent
94,FATE,tank,Los Angeles Valiant,4,4,18,18,426.91548101770877,338,257915.48101770878,0.0,FATE,Cougum
97,FINNSI,tank,Paris Eternal,2,2,8,8,274.6136852502823,245,152113.6852502823,0.0,FreeAgent,FreeAgent
99,FISSURE,tank,Seoul Dynasty,4,4,16,16,448.0897223077417,389,253589.72230774164,0.0,FISSURE,Not another
102,FLETA,offense,Seoul Dynasty,4,4,16,16,627.2334628758133,464,377322.4679248035,17910.99495100975,FLETA,Jyeran
105,FURY,tank,London Spitfire,5,5,21,21,627.5348818047047,520,367068.2583901882,466.623414516449,FURY,Jyeran
108,FUSIONS,tank,Boston Uprising,3,4,13,17,349.52065901523827,271,214020.65901523829,0.0,FreeAgent,FreeAgent
110,GAMSU,tank,Shanghai Dragons,3,4,12,16,262.9800825366378,260,132980.08253663778,0.0,GAMSU,Overdrive
113,GATOR,tank,Atlanta Reign,1,3,1,13,19.860850338935855,16,11860.850338935852,0.0,FreeAgent,FreeAgent
114,GEGURI,tank,Shanghai Dragons,3,4,8,16,175.56912496417763,155,98069.12496417761,0.0,FreeAgent,FreeAgent
116,GESTURE,tank,London Spitfire,5,5,21,21,496.034620943904,429,281534.6209439039,0.0,GESTURE,Dragonbeard
119,GIDO,support,Washington Justice,3,3,13,13,420.3152603738308,138,201186.9130256176,150128.3473482132,GIDO,Bobble
122,GODSB,offense,Hangzhou Spark,5,5,21,21,693.0978781439363,473,454332.19811710715,2265.6800268292427,GODSB,Dragonbeard
125,GUARD,offense,London Spitfire,4,5,14,21,454.23466319262985,317,164400.37174344063,131334.2914491892,FreeAgent,FreeAgent
128,GUXUE,tank,Hangzhou Spark,5,5,6,21,142.6855746614337,106,89685.5746614337,0.0,FreeAgent,FreeAgent
131,HOTBA,tank,Guangzhou Charge,4,4,19,19,461.21175620323424,403,259639.13822227716,72.61798095703125,HOTBA,Overdrive
134,HAGOPEUN,support,Florida Mayhem,4,4,18,18,534.5594232208133,286,198882.58794277906,192676.8352780342,HAGOPEUN,Bobble
137,HAKSAL,offense,Vancouver Titans,4,4,17,17,570.1200284137726,399,170700.5702843666,199919.45812940598,HAKSAL,Not another
140,HAPPY,offense,Guangzhou Charge,4,4,19,19,553.2808325127661,388,328630.13244739175,30650.700065374374,HAPPY,Cougum
143,HYP,support,Paris Eternal,2,2,8,8,339.3074092811048,204,138281.1335478723,99026.2757332325,HYP,Not another
145,HYDRATION,offense,Los Angeles Gladiators,4,4,17,17,610.0384470696449,371,195437.07037687302,229101.3766927719,HYDRATION,Dragonbeard
148,HYEONU,support,Washington Justice,2,3,3,13,40.581309356570245,16,14670.488073825836,17910.821282744408,FreeAgent,FreeAgent
150,IZAYAKI,support,Los Angeles Valiant,4,4,18,18,784.5945791537761,354,345982.89138793945,261611.68776583672,IZAYAKI,Cougum
153,JJANU,tank,Vancouver Titans,4,4,17,17,514.6423331105411,442,293640.303096503,2.0300140380859375,JJANU,Not another
156,JJONAK,support,New York Excelsior,5,5,21,21,752.8956786571146,433,336367.38687568903,200028.29178142548,JJONAK,Dragonbeard
159,JAKE,offense,Houston Outlaws,4,4,11,18,257.5616453408003,181,96583.57616150379,70478.0691792965,JAKE,PopeRonPaul
161,JANUS,tank,Washington Justice,3,3,13,13,191.4854763697982,138,122485.47636979818,0.0,JANUS,MattyIce
164,JECSE,support,Seoul Dynasty,4,4,16,16,426.1963587243558,322,141083.0763348341,124113.2823895216,JECSE,Bobble
167,JINMU,offense,Chengdu Hunters,4,4,18,18,603.1024631705284,382,294016.8673171997,118085.5958533287,JINMU,Jyeran
170,KSF,offense,Los Angeles Valiant,2,4,2,18,81.69066369187831,49,57190.66369187832,0.0,FreeAgent,FreeAgent
172,KARIV,offense,Los Angeles Valiant,4,4,16,18,587.933258718878,381,396266.44501677155,1166.8137021064758,KARIV,MattyIce
175,KELLEX,support,Boston Uprising,4,4,15,17,434.959806170702,260,170866.3367652893,134093.46940541267,FreeAgent,FreeAgent
178,KODAK,support,Atlanta Reign,3,3,5,13,213.80856339216234,107,89632.87509346008,70675.68829870224,FreeAgent,FreeAgent
180,KRIS,support,Florida Mayhem,4,4,18,18,383.5062604602576,283,131089.98075032234,110916.27970993519,FreeAgent,FreeAgent
183,KRUISE,support,Paris Eternal,2,2,8,8,236.24895090425014,176,92543.5542421341,55705.39666211605,FreeAgent,FreeAgent
185,KUKI,tank,Los Angeles Valiant,3,4,12,18,287.31672939431667,171,104737.40465021133,97079.32474410534,FreeAgent,FreeAgent
188,KYB,offense,Guangzhou Charge,3,4,8,19,203.40034610109032,143,60990.73510377109,70909.61099731922,FreeAgent,FreeAgent
190,KYO,support,Chengdu Hunters,4,4,18,18,547.4731461229325,303,196006.86843681335,199966.27768611908,KYO,Dragonbeard
193,LINKZR,offense,Houston Outlaws,3,4,9,18,310.3046961628198,233,115920.1459786892,77884.55018413067,LINKZR,PopeRonPaul
195,LIBERO,offense,New York Excelsior,5,5,20,21,534.9716328169108,437,148429.58200395107,168042.05081295967,LIBERO,Dragonbeard
198,LUFFY,support,Shanghai Dragons,4,4,16,16,559.2393901295662,325,231924.92641496658,164814.4637145996,FreeAgent,FreeAgent
201,MANO,tank,New York Excelsior,5,5,21,21,479.5470786603689,430,264547.0786603689,0.0,MANO,Cougum
204,MASAA,support,Atlanta Reign,3,3,13,13,389.33610145175464,286,143170.03659558296,103166.06485617161,FreeAgent,FreeAgent
206,MCGRAVY,tank,Florida Mayhem,1,4,3,18,56.80514008468389,35,39305.140084683895,0.0,FreeAgent,FreeAgent
207,MEKO,tank,New York Excelsior,5,5,21,21,574.2160148991346,504,321845.1935386658,370.82136046886444,MEKO,Bobble
210,MICHELLE,tank,Seoul Dynasty,4,4,16,16,534.4287583915591,462,302875.38011056185,553.3782809972763,MICHELLE,Not another
213,MUMA,tank,Houston Outlaws,4,4,18,18,416.8877531608343,360,236887.7531608343,0.0,MUMA,PopeRonPaul
215,MUNCHKIN,offense,Seoul Dynasty,4,4,16,16,564.898051586628,402,182274.1435753107,181623.90801131725,MUNCHKIN,MattyIce
218,NLAAER,offense,Atlanta Reign,3,3,5,13,162.07862146878244,110,55916.8052713871,51161.816197395325,FreeAgent,FreeAgent
220,NUS,support,London Spitfire,5,5,21,21,559.7532918248176,359,213717.07233583927,166536.2194889784,NUS,MattyIce
223,NEKO,support,Toronto Defiant,1,4,4,17,134.47288728249072,47,59834.23891270161,51138.64836978912,NEKO,Cougum
224,NENNE,offense,New York Excelsior,5,5,21,21,705.9325765746236,530,440931.8753569722,0.7012176513671875,NENNE,Jyeran
227,NEVIX,tank,San Francisco Shock,4,4,5,17,168.66987334060667,130,103557.83432388306,112.03901672363281,FreeAgent,FreeAgent
230,NICOGDH,offense,Paris Eternal,2,2,8,8,268.2671888387203,200,76443.73570609093,91823.4531326294,FreeAgent,FreeAgent
232,NOSMITE,tank,Hangzhou Spark,5,5,15,21,288.8982751016617,255,161398.27510166168,0.0,FreeAgent,FreeAgent
235,NOTE,tank,Boston Uprising,4,4,17,17,540.6870564664006,410,335317.3644683957,369.69199800491333,NOTE,Jyeran
238,OGE,tank,Dallas Fuel,4,4,16,16,349.59304132270813,285,207093.04132270813,0.0,FreeAgent,FreeAgent
240,POKO,tank,Philadelphia Fusion,5,5,20,21,608.3218817502856,495,360632.0643288493,189.81742143630981,POKO,Bobble
243,POKPO,tank,Atlanta Reign,3,3,12,13,333.73388214099407,296,185733.88214099407,0.0,POKPO,MattyIce
245,PROFIT,offense,London Spitfire,5,5,21,21,754.4341018756628,504,408306.17327964306,94127.92859601974,PROFIT,Dragonbeard
248,RAPEL,support,Vancouver Titans,1,4,1,17,40.14958587908745,17,19469.193716049194,12180.392163038254,FreeAgent,FreeAgent
249,RASCAL,offense,San Francisco Shock,3,4,5,17,134.77906403279303,88,41134.41867828369,49644.64535450935,RASCAL,Overdrive
251,RAWKUS,support,Houston Outlaws,4,4,18,18,605.9705281510353,293,259358.70833718777,200111.81981384754,RAWKUS,PopeRonPaul
253,REVENGE,support,Hangzhou Spark,5,5,5,21,163.31979397255182,56,76221.58723896742,59098.206733584404,FreeAgent,FreeAgent
256,RIA,tank,Hangzhou Spark,5,5,21,21,542.6581762721836,444,320658.17627218366,0.0,RIA,Cougum
259,RIO,tank,Guangzhou Charge,4,4,19,19,419.5392452835143,381,229039.24528351426,0.0,FreeAgent,FreeAgent
262,ROKY,support,Toronto Defiant,4,4,17,17,492.8511516667604,306,180772.14907884598,159079.00258791447,FreeAgent,FreeAgent
265,SLIME,support,Vancouver Titans,4,4,17,17,453.1140162212849,322,154563.1321284771,137550.88409280777,FreeAgent,FreeAgent
268,SPACE,tank,Los Angeles Valiant,4,4,18,18,569.2175665947943,441,348706.64659519494,10.919999599456787,SPACE,Cougum
271,SPREE,tank,Houston Outlaws,4,4,9,18,221.11043768736718,169,136577.67768892646,32.75999844074249,SPREE,PopeRonPaul
273,STRIKER,offense,San Francisco Shock,2,4,2,17,39.79540372118354,30,24795.40372118354,0.0,FreeAgent,FreeAgent
275,SWON,tank,Florida Mayhem,4,4,18,18,389.44312073028095,357,210943.12073028088,0.0,FreeAgent,FreeAgent
278,SADO,tank,Philadelphia Fusion,5,5,21,21,525.7304810548425,479,286230.4810548425,0.0,SADO,Bobble
281,SAEBYEOLBE,offense,New York Excelsior,1,5,1,21,26.920815698504445,13,8863.982856273651,11556.832842230797,FreeAgent,FreeAgent
282,SANSAM,tank,Washington Justice,3,3,13,13,271.01794692152737,171,185310.48691505194,207.4600064754486,FreeAgent,FreeAgent
285,SEOMINSOO,offense,Vancouver Titans,4,4,15,17,565.6772235352098,385,373177.2235352099,0.0,SEOMINSOO,MattyIce
288,SHAZ,support,Los Angeles Gladiators,4,4,17,17,791.0115449189544,354,347701.41367930174,266310.13123965263,SHAZ,Jyeran
291,SMURF,tank,San Francisco Shock,4,4,5,17,99.48653982430696,83,57986.539824306965,0.0,FreeAgent,FreeAgent
294,SOON,offense,Paris Eternal,2,2,8,8,298.3947688486576,233,181634.07653570175,260.6923129558563,SOON,Not another
296,STELLAR,offense,Toronto Defiant,4,4,17,17,621.7068663613795,420,194696.77495020628,217010.09141117334,STELLAR,Not another
299,STITCH,offense,Vancouver Titans,2,4,2,17,35.3841938945353,22,24384.193894535303,0.0,FreeAgent,FreeAgent
301,STRATUS,offense,Washington Justice,1,3,1,13,24.200510766267776,10,7022.386318206787,12178.12444806099,FreeAgent,FreeAgent
302,SUREFOUR,offense,Los Angeles Gladiators,3,4,13,17,485.77033014518025,326,322129.2832363248,641.0469088554382,SUREFOUR,Jyeran
304,TVIQ,offense,Florida Mayhem,4,4,14,18,450.0354038940668,338,155989.84183609486,125045.56205797195,TVIQ,Bobble
307,TWILIGHT,support,Vancouver Titans,4,4,16,17,581.5755074267388,313,239241.5708448887,185833.93658185005,TWILIGHT,Jyeran
310,VIOL2T,support,San Francisco Shock,2,4,8,17,398.53845737865566,168,174910.4794255793,139627.97795307636,FreeAgent,FreeAgent
312,VOID,tank,Los Angeles Gladiators,4,4,17,17,604.9857455609738,465,372466.72618195415,19.019379019737244,VOID,Bobble
315,YOUNGJIN,offense,Shanghai Dragons,4,4,14,16,414.7056354117393,323,134216.60337424278,118989.03203749657,FreeAgent,FreeAgent
318,YAKPUNG,tank,Toronto Defiant,4,4,17,17,423.01076253986355,372,237010.7625398636,0.0,YAKPUNG,PopeRonPaul
321,YVELTAL,support,Chengdu Hunters,4,4,18,18,358.9842468607426,175,103271.31901025772,168212.92785048485,FreeAgent,FreeAgent
324,ZACHAREEE,offense,Dallas Fuel,4,4,16,16,462.2146105746031,306,145945.08904254436,163269.52153205872,ZACHAREEE,Overdrive
326,AKM,offense,Dallas Fuel,4,4,10,16,377.6718140241802,281,236692.26396009326,479.55006408691406,AKM,Overdrive
328,ALEMAO,support,Boston Uprising,1,4,2,17,53.05539030265808,36,21285.228790283203,13770.161512374878,ALEMAO,Bobble
329,AMENG,tank,Chengdu Hunters,4,4,18,18,423.7605120313168,367,240260.51203131676,0.0,FreeAgent,FreeAgent
332,BLASE,offense,Boston Uprising,4,4,17,17,544.8093978214265,345,160770.7743923664,211538.62342905998,BLASE,Cougum
335,BQB,offense,Florida Mayhem,4,4,18,18,537.8343767494262,406,333442.80412116647,1391.5726282596588,FreeAgent,FreeAgent
338,CARPE,offense,Philadelphia Fusion,5,5,21,21,725.7731043501199,576,437528.9672718346,244.13707828521729,CARPE,Cougum
341,COOLMATT,tank,Houston Outlaws,2,4,7,18,276.9102840036154,212,170889.3290179968,20.95498561859131,COOLMATT,PopeRonPaul
342,DAFRAN,offense,Atlanta Reign,3,3,13,13,501.9460520862341,374,314267.6248357296,678.4272505044937,DAFRAN,Cougum
344,DIEM,offense,Shanghai Dragons,4,4,16,16,475.3821951050461,382,283621.41391298175,760.7811920642853,FreeAgent,FreeAgent
347,EQO,offense,Philadelphia Fusion,5,5,21,21,717.9454561977386,518,225240.31984591484,233705.1363518238,EQO,Bobble
350,IDK,support,Hangzhou Spark,5,5,21,21,491.59450933098793,315,185328.0020469427,148766.50728404522,FreeAgent,FreeAgent
353,IVY,offense,Toronto Defiant,4,4,17,17,710.527359548688,495,462377.09801626205,650.2615324258804,IVY,Not another
356,LATEYOUNG,tank,Chengdu Hunters,4,4,11,18,335.1717944279611,269,197966.76710566878,2705.027322292328,LATEYOUNG,MattyIce
359,MOTH,support,San Francisco Shock,4,4,17,17,491.1847234364152,301,165667.68018078804,175017.04325562716,MOTH,Overdrive
362,NEPTUNO,support,Philadelphia Fusion,5,5,21,21,559.6350410176516,420,220022.5004966259,129612.54052102566,NEPTUNO,MattyIce
365,RCK,tank,Dallas Fuel,4,4,14,16,379.25819982212784,284,235138.23555403948,2119.9642680883408,FreeAgent,FreeAgent
367,ROAR,tank,Los Angeles Gladiators,4,4,17,17,449.63010080718993,354,272630.10080718994,0.0,ROAR,Dragonbeard
370,RYUJEHONG,support,Seoul Dynasty,4,4,16,16,658.7337235845328,357,245847.625487566,234386.09809696674,RYUJEHONG,Dragonbeard
373,SAYAPLAYER,offense,Florida Mayhem,2,4,2,18,31.014841152280567,22,19347.837364047766,667.0037882328033,FreeAgent,FreeAgent
375,SHU,support,Guangzhou Charge,4,4,19,19,647.9994364008903,342,254237.23211205006,222762.2042888403,SHU,Not another
378,SINATRAA,offense,San Francisco Shock,4,4,14,17,659.9335358421803,405,451032.2566304207,6401.279211759567,SINATRAA,Dragonbeard
381,SLEEPY,support,San Francisco Shock,2,4,9,17,393.626710252285,182,166128.05585455894,136498.65439772606,SLEEPY,Jyeran
382,SNILLO,offense,Philadelphia Fusion,1,5,1,21,12.883519466638564,9,4012.785698056221,4370.733768582344,FreeAgent,FreeAgent
383,SUPER,tank,San Francisco Shock,4,4,12,17,369.32623910570146,287,225826.23910570145,0.0,FreeAgent,FreeAgent
386,UNKOE,support,Dallas Fuel,4,4,16,16,573.4149306611419,281,250396.83197909594,182518.09868204594,UNKOE,Jyeran
388,XEPHER,tank,Florida Mayhem,4,4,13,18,360.88237021428347,328,196214.5344337821,667.8357805013657,XEPHER,Overdrive
